[
  {
    "Person":"Jo\u00e3o Fernando Madeira Louren\u00e7o",
    "Relative":"Ana Isabel Borralho da Mota",
    "Relationship":"Wife"
  },
  {
    "Person":"Jo\u00e3o Fernando Madeira Louren\u00e7o",
    "Relative":"Miguel da Mota Madeira",
    "Relationship":"Son"
  },
  {
    "Person":"Jo\u00e3o Fernando Madeira Louren\u00e7o",
    "Relative":"Alice da Mota Madeira",
    "Relationship":"Daughter"
  },
  {
    "Person":"Jo\u00e3o Fernando Madeira Louren\u00e7o",
    "Relative":"Raimundo C\u00e2ndido Irineu Teles Fernandes",
    "Relationship":"Father"
  },
  {
    "Person":"Jo\u00e3o Fernando Madeira Louren\u00e7o",
    "Relative":"Ana Maria Madeira",
    "Relationship":"Mother"
  },
  {
    "Person":"Jo\u00e3o Fernando Madeira Louren\u00e7o",
    "Relative":"Hugo Daniel Irineu Teles Fernandes",
    "Relationship":"Brother"
  },
  {
    "Person":"Jo\u00e3o Fernando Madeira Louren\u00e7o",
    "Relative":"Marta Paulos de Carvalho Fernandes",
    "Relationship":"Sister-in-law"
  },
  {
    "Person":"Jo\u00e3o Fernando Madeira Louren\u00e7o",
    "Relative":"Francisca de Carvalho Fernandes",
    "Relationship":"Niece"
  },
  {
    "Person":"Jo\u00e3o Fernando Madeira Louren\u00e7o",
    "Relative":"Sita (sister of Hugo)",
    "Relationship":"Sister"
  },
  {
    "Person":"Jo\u00e3o Fernando Madeira Louren\u00e7o",
    "Relative":"Humberto M\u00e1rio Irineu Teles Fernandes",
    "Relationship":"Uncle (father\u2019s brother)"
  },
  {
    "Person":"Jo\u00e3o Fernando Madeira Louren\u00e7o",
    "Relative":"Daniel Fernandes",
    "Relationship":"1st Cousin"
  },
  {
    "Person":"Jo\u00e3o Fernando Madeira Louren\u00e7o",
    "Relative":"Marlette F\u00e1tima Telles Fernandes",
    "Relationship":"Aunt (father\u2019s sister)"
  },
  {
    "Person":"Jo\u00e3o Fernando Madeira Louren\u00e7o",
    "Relative":"Bruno Ricardo Pereira",
    "Relationship":"1st Cousin Once Removed"
  },
  {
    "Person":"Jo\u00e3o Fernando Madeira Louren\u00e7o",
    "Relative":"Vasco Rafael Pereira",
    "Relationship":"1st Cousin Once Removed"
  },
  {
    "Person":"Jo\u00e3o Fernando Madeira Louren\u00e7o",
    "Relative":"D\u00e9bora Treacy",
    "Relationship":"Cousin-in-law"
  },
  {
    "Person":"Jo\u00e3o Fernando Madeira Louren\u00e7o",
    "Relative":"V\u00e2nia Andreia Teles Fernandes",
    "Relationship":"1st Cousin"
  },
  {
    "Person":"Jo\u00e3o Fernando Madeira Louren\u00e7o",
    "Relative":"Bernardo Fernandes Mota Cardoso",
    "Relationship":"1st Cousin Once Removed"
  },
  {
    "Person":"Jo\u00e3o Fernando Madeira Louren\u00e7o",
    "Relative":"Maria In\u00eas Fernandes Costa Henriques",
    "Relationship":"1st Cousin Once Removed"
  },
  {
    "Person":"Jo\u00e3o Fernando Madeira Louren\u00e7o",
    "Relative":"John Brian Baylon Telles de Mello",
    "Relationship":"1st Cousin Once Removed"
  },
  {
    "Person":"Jo\u00e3o Fernando Madeira Louren\u00e7o",
    "Relative":"Bridget Dorothea Deuchar de Mello",
    "Relationship":"1st Cousin-in-law Once Removed"
  },
  {
    "Person":"Jo\u00e3o Fernando Madeira Louren\u00e7o",
    "Relative":"Simon Deuchar de Mello",
    "Relationship":"2nd Cousin"
  },
  {
    "Person":"Jo\u00e3o Fernando Madeira Louren\u00e7o",
    "Relative":"Lucy de Mello",
    "Relationship":"2nd Cousin-in-law"
  },
  {
    "Person":"Jo\u00e3o Fernando Madeira Louren\u00e7o",
    "Relative":"John Clinton de Mello",
    "Relationship":"2nd Cousin Once Removed"
  },
  {
    "Person":"Jo\u00e3o Fernando Madeira Louren\u00e7o",
    "Relative":"Alex de Mello",
    "Relationship":"2nd Cousin Once Removed"
  },
  {
    "Person":"Jo\u00e3o Fernando Madeira Louren\u00e7o",
    "Relative":"Darryl Alex Telles",
    "Relationship":"2nd Cousin"
  },
  {
    "Person":"Jo\u00e3o Fernando Madeira Louren\u00e7o",
    "Relative":"Elaine Telles-Treacy",
    "Relationship":"2nd Cousin"
  },
  {
    "Person":"Jo\u00e3o Fernando Madeira Louren\u00e7o",
    "Relative":"Barbara Telles Feeny",
    "Relationship":"1st Cousin Once Removed"
  },
  {
    "Person":"Jo\u00e3o Fernando Madeira Louren\u00e7o",
    "Relative":"Michael John Feeny",
    "Relationship":"1st Cousin-in-law Once Removed"
  },
  {
    "Person":"Jo\u00e3o Fernando Madeira Louren\u00e7o",
    "Relative":"Amanda Jane Feeny",
    "Relationship":"2nd Cousin"
  },
  {
    "Person":"Jo\u00e3o Fernando Madeira Louren\u00e7o",
    "Relative":"Bogdan Postelnicu",
    "Relationship":"2nd Cousin-in-law"
  },
  {
    "Person":"Jo\u00e3o Fernando Madeira Louren\u00e7o",
    "Relative":"Alex Michael Postelnicu",
    "Relationship":"2nd Cousin Once Removed"
  },
  {
    "Person":"Jo\u00e3o Fernando Madeira Louren\u00e7o",
    "Relative":"Rebekah Treacy",
    "Relationship":"2nd Cousin"
  },
  {
    "Person":"Jo\u00e3o Fernando Madeira Louren\u00e7o",
    "Relative":"Christopher Breakwell",
    "Relationship":"2nd Cousin-in-law"
  },
  {
    "Person":"Jo\u00e3o Fernando Madeira Louren\u00e7o",
    "Relative":"Elizabeth Breakwell",
    "Relationship":"2nd Cousin Once Removed"
  },
  {
    "Person":"Jo\u00e3o Fernando Madeira Louren\u00e7o",
    "Relative":"Jasmine Breakwell",
    "Relationship":"2nd Cousin Once Removed"
  },
  {
    "Person":"Hugo Daniel Irineu Teles Fernandes",
    "Relative":"Marta Paulos de Carvalho Fernandes",
    "Relationship":"Wife"
  },
  {
    "Person":"Hugo Daniel Irineu Teles Fernandes",
    "Relative":"Francisca de Carvalho Fernandes",
    "Relationship":"Daughter"
  },
  {
    "Person":"Hugo Daniel Irineu Teles Fernandes",
    "Relative":"Jo\u00e3o Fernando Madeira Louren\u00e7o",
    "Relationship":"Brother"
  },
  {
    "Person":"Hugo Daniel Irineu Teles Fernandes",
    "Relative":"Ana Isabel Borralho da Mota",
    "Relationship":"Sister-in-law"
  },
  {
    "Person":"Hugo Daniel Irineu Teles Fernandes",
    "Relative":"Miguel da Mota Madeira",
    "Relationship":"Nephew"
  },
  {
    "Person":"Hugo Daniel Irineu Teles Fernandes",
    "Relative":"Alice da Mota Madeira",
    "Relationship":"Niece"
  },
  {
    "Person":"Hugo Daniel Irineu Teles Fernandes",
    "Relative":"Sita (sister of Hugo)",
    "Relationship":"Sister"
  },
  {
    "Person":"Hugo Daniel Irineu Teles Fernandes",
    "Relative":"Raimundo C\u00e2ndido Irineu Teles Fernandes",
    "Relationship":"Father"
  },
  {
    "Person":"Hugo Daniel Irineu Teles Fernandes",
    "Relative":"Ana Maria Madeira",
    "Relationship":"Mother"
  },
  {
    "Person":"Hugo Daniel Irineu Teles Fernandes",
    "Relative":"Humberto M\u00e1rio Irineu Teles Fernandes",
    "Relationship":"Uncle"
  },
  {
    "Person":"Hugo Daniel Irineu Teles Fernandes",
    "Relative":"Daniel Fernandes",
    "Relationship":"1st Cousin"
  },
  {
    "Person":"Hugo Daniel Irineu Teles Fernandes",
    "Relative":"Marlette F\u00e1tima Telles Fernandes",
    "Relationship":"Aunt"
  },
  {
    "Person":"Hugo Daniel Irineu Teles Fernandes",
    "Relative":"V\u00e2nia Andreia Teles Fernandes",
    "Relationship":"1st Cousin"
  },
  {
    "Person":"Hugo Daniel Irineu Teles Fernandes",
    "Relative":"Bernardo Fernandes Mota Cardoso",
    "Relationship":"1st Cousin Once Removed"
  },
  {
    "Person":"Hugo Daniel Irineu Teles Fernandes",
    "Relative":"Maria In\u00eas Fernandes Costa Henriques",
    "Relationship":"1st Cousin Once Removed"
  },
  {
    "Person":"Ana Isabel Borralho da Mota",
    "Relative":"Jo\u00e3o Fernando Madeira Louren\u00e7o",
    "Relationship":"Husband"
  },
  {
    "Person":"Ana Isabel Borralho da Mota",
    "Relative":"Miguel da Mota Madeira",
    "Relationship":"Son"
  },
  {
    "Person":"Ana Isabel Borralho da Mota",
    "Relative":"Alice da Mota Madeira",
    "Relationship":"Daughter"
  },
  {
    "Person":"Miguel da Mota Madeira",
    "Relative":"Jo\u00e3o Fernando Madeira Louren\u00e7o",
    "Relationship":"Father"
  },
  {
    "Person":"Miguel da Mota Madeira",
    "Relative":"Ana Isabel Borralho da Mota",
    "Relationship":"Mother"
  },
  {
    "Person":"Miguel da Mota Madeira",
    "Relative":"Alice da Mota Madeira",
    "Relationship":"Sister"
  },
  {
    "Person":"Alice da Mota Madeira",
    "Relative":"Jo\u00e3o Fernando Madeira Louren\u00e7o",
    "Relationship":"Father"
  },
  {
    "Person":"Alice da Mota Madeira",
    "Relative":"Ana Isabel Borralho da Mota",
    "Relationship":"Mother"
  },
  {
    "Person":"Alice da Mota Madeira",
    "Relative":"Miguel da Mota Madeira",
    "Relationship":"Brother"
  },
  {
    "Person":"Marta Paulos de Carvalho Fernandes",
    "Relative":"Hugo Daniel Irineu Teles Fernandes",
    "Relationship":"Husband"
  },
  {
    "Person":"Marta Paulos de Carvalho Fernandes",
    "Relative":"Francisca de Carvalho Fernandes",
    "Relationship":"Daughter"
  },
  {
    "Person":"Francisca de Carvalho Fernandes",
    "Relative":"Hugo Daniel Irineu Teles Fernandes",
    "Relationship":"Father"
  },
  {
    "Person":"Francisca de Carvalho Fernandes",
    "Relative":"Marta Paulos de Carvalho Fernandes",
    "Relationship":"Mother"
  },
  {
    "Person":"Sita (sister of Hugo)",
    "Relative":"Raimundo C\u00e2ndido Irineu Teles Fernandes",
    "Relationship":"Father"
  },
  {
    "Person":"Sita (sister of Hugo)",
    "Relative":"Ana Maria Madeira",
    "Relationship":"Mother"
  },
  {
    "Person":"Sita (sister of Hugo)",
    "Relative":"Jo\u00e3o Fernando Madeira Louren\u00e7o",
    "Relationship":"Brother"
  },
  {
    "Person":"Sita (sister of Hugo)",
    "Relative":"Hugo Daniel Irineu Teles Fernandes",
    "Relationship":"Brother"
  },
  {
    "Person":"Raimundo C\u00e2ndido Irineu Teles Fernandes",
    "Relative":"Ana Maria Madeira",
    "Relationship":"Wife"
  },
  {
    "Person":"Raimundo C\u00e2ndido Irineu Teles Fernandes",
    "Relative":"Jo\u00e3o Fernando Madeira Louren\u00e7o",
    "Relationship":"Son"
  },
  {
    "Person":"Raimundo C\u00e2ndido Irineu Teles Fernandes",
    "Relative":"Hugo Daniel Irineu Teles Fernandes",
    "Relationship":"Son"
  },
  {
    "Person":"Raimundo C\u00e2ndido Irineu Teles Fernandes",
    "Relative":"Sita (sister of Hugo)",
    "Relationship":"Daughter"
  },
  {
    "Person":"Ana Maria Madeira",
    "Relative":"Raimundo C\u00e2ndido Irineu Teles Fernandes",
    "Relationship":"Husband"
  },
  {
    "Person":"Ana Maria Madeira",
    "Relative":"Jo\u00e3o Fernando Madeira Louren\u00e7o",
    "Relationship":"Son"
  },
  {
    "Person":"Ana Maria Madeira",
    "Relative":"Hugo Daniel Irineu Teles Fernandes",
    "Relationship":"Son"
  },
  {
    "Person":"Ana Maria Madeira",
    "Relative":"Sita (sister of Hugo)",
    "Relationship":"Daughter"
  },
  {
    "Person":"Humberto M\u00e1rio Irineu Teles Fernandes",
    "Relative":"Raimundo C\u00e2ndido Irineu Teles Fernandes",
    "Relationship":"Brother"
  },
  {
    "Person":"Humberto M\u00e1rio Irineu Teles Fernandes",
    "Relative":"Hugo Daniel Irineu Teles Fernandes",
    "Relationship":"Nephew"
  },
  {
    "Person":"Humberto M\u00e1rio Irineu Teles Fernandes",
    "Relative":"Jo\u00e3o Fernando Madeira Louren\u00e7o",
    "Relationship":"Nephew"
  },
  {
    "Person":"Humberto M\u00e1rio Irineu Teles Fernandes",
    "Relative":"Sita (sister of Hugo)",
    "Relationship":"Niece"
  },
  {
    "Person":"Daniel Fernandes",
    "Relative":"Raimundo C\u00e2ndido Irineu Teles Fernandes",
    "Relationship":"Uncle"
  },
  {
    "Person":"Daniel Fernandes",
    "Relative":"Jo\u00e3o Fernando Madeira Louren\u00e7o",
    "Relationship":"1st Cousin"
  },
  {
    "Person":"Daniel Fernandes",
    "Relative":"Hugo Daniel Irineu Teles Fernandes",
    "Relationship":"1st Cousin"
  },
  {
    "Person":"Daniel Fernandes",
    "Relative":"Sita (sister of Hugo)",
    "Relationship":"1st Cousin"
  },
  {
    "Person":"Marlette F\u00e1tima Telles Fernandes",
    "Relative":"Raimundo C\u00e2ndido Irineu Teles Fernandes",
    "Relationship":"Brother"
  },
  {
    "Person":"Marlette F\u00e1tima Telles Fernandes",
    "Relative":"Jo\u00e3o Fernando Madeira Louren\u00e7o",
    "Relationship":"Nephew"
  },
  {
    "Person":"Marlette F\u00e1tima Telles Fernandes",
    "Relative":"Hugo Daniel Irineu Teles Fernandes",
    "Relationship":"Nephew"
  },
  {
    "Person":"Marlette F\u00e1tima Telles Fernandes",
    "Relative":"Sita (sister of Hugo)",
    "Relationship":"Niece"
  },
  {
    "Person":"Bruno Ricardo Pereira",
    "Relative":"Daniel Fernandes",
    "Relationship":"Father or Uncle (approximate)"
  },
  {
    "Person":"Bruno Ricardo Pereira",
    "Relative":"Vasco Rafael Pereira",
    "Relationship":"Brother or Cousin"
  },
  {
    "Person":"Bruno Ricardo Pereira",
    "Relative":"D\u00e9bora Treacy",
    "Relationship":"Sister-in-law (approximate)"
  },
  {
    "Person":"Vasco Rafael Pereira",
    "Relative":"Bruno Ricardo Pereira",
    "Relationship":"Brother or Cousin"
  },
  {
    "Person":"Vasco Rafael Pereira",
    "Relative":"D\u00e9bora Treacy",
    "Relationship":"Partner or Wife"
  },
  {
    "Person":"D\u00e9bora Treacy",
    "Relative":"Vasco Rafael Pereira",
    "Relationship":"Partner or Husband"
  },
  {
    "Person":"V\u00e2nia Andreia Teles Fernandes",
    "Relative":"Bernardo Fernandes Mota Cardoso",
    "Relationship":"Son"
  },
  {
    "Person":"V\u00e2nia Andreia Teles Fernandes",
    "Relative":"Maria In\u00eas Fernandes Costa Henriques",
    "Relationship":"Daughter"
  },
  {
    "Person":"V\u00e2nia Andreia Teles Fernandes",
    "Relative":"Jo\u00e3o Fernando Madeira Louren\u00e7o",
    "Relationship":"1st Cousin"
  },
  {
    "Person":"V\u00e2nia Andreia Teles Fernandes",
    "Relative":"Hugo Daniel Irineu Teles Fernandes",
    "Relationship":"1st Cousin"
  },
  {
    "Person":"V\u00e2nia Andreia Teles Fernandes",
    "Relative":"Sita (sister of Hugo)",
    "Relationship":"1st Cousin"
  },
  {
    "Person":"Bernardo Fernandes Mota Cardoso",
    "Relative":"V\u00e2nia Andreia Teles Fernandes",
    "Relationship":"Mother"
  },
  {
    "Person":"Bernardo Fernandes Mota Cardoso",
    "Relative":"Maria In\u00eas Fernandes Costa Henriques",
    "Relationship":"Sister"
  },
  {
    "Person":"Maria In\u00eas Fernandes Costa Henriques",
    "Relative":"V\u00e2nia Andreia Teles Fernandes",
    "Relationship":"Mother"
  },
  {
    "Person":"Maria In\u00eas Fernandes Costa Henriques",
    "Relative":"Bernardo Fernandes Mota Cardoso",
    "Relationship":"Brother"
  },
  {
    "Person":"John Brian Baylon Telles de Mello",
    "Relative":"Bridget Dorothea Deuchar de Mello",
    "Relationship":"Wife"
  },
  {
    "Person":"John Brian Baylon Telles de Mello",
    "Relative":"Simon Deuchar de Mello",
    "Relationship":"Son"
  },
  {
    "Person":"Bridget Dorothea Deuchar de Mello",
    "Relative":"John Brian Baylon Telles de Mello",
    "Relationship":"Husband"
  },
  {
    "Person":"Bridget Dorothea Deuchar de Mello",
    "Relative":"Simon Deuchar de Mello",
    "Relationship":"Son"
  },
  {
    "Person":"Simon Deuchar de Mello",
    "Relative":"John Brian Baylon Telles de Mello",
    "Relationship":"Father"
  },
  {
    "Person":"Simon Deuchar de Mello",
    "Relative":"Bridget Dorothea Deuchar de Mello",
    "Relationship":"Mother"
  },
  {
    "Person":"Simon Deuchar de Mello",
    "Relative":"Lucy de Mello",
    "Relationship":"Wife"
  },
  {
    "Person":"Simon Deuchar de Mello",
    "Relative":"John Clinton de Mello",
    "Relationship":"Son"
  },
  {
    "Person":"Simon Deuchar de Mello",
    "Relative":"Alex de Mello",
    "Relationship":"Son"
  },
  {
    "Person":"Lucy de Mello",
    "Relative":"Simon Deuchar de Mello",
    "Relationship":"Husband"
  },
  {
    "Person":"Lucy de Mello",
    "Relative":"John Clinton de Mello",
    "Relationship":"Son"
  },
  {
    "Person":"Lucy de Mello",
    "Relative":"Alex de Mello",
    "Relationship":"Son"
  },
  {
    "Person":"John Clinton de Mello",
    "Relative":"Simon Deuchar de Mello",
    "Relationship":"Father"
  },
  {
    "Person":"John Clinton de Mello",
    "Relative":"Lucy de Mello",
    "Relationship":"Mother"
  },
  {
    "Person":"John Clinton de Mello",
    "Relative":"Alex de Mello",
    "Relationship":"Brother"
  },
  {
    "Person":"Alex de Mello",
    "Relative":"Simon Deuchar de Mello",
    "Relationship":"Father"
  },
  {
    "Person":"Alex de Mello",
    "Relative":"Lucy de Mello",
    "Relationship":"Mother"
  },
  {
    "Person":"Alex de Mello",
    "Relative":"John Clinton de Mello",
    "Relationship":"Brother"
  },
  {
    "Person":"Darryl Alex Telles",
    "Relative":"Elaine Telles-Treacy",
    "Relationship":"Sister"
  },
  {
    "Person":"Elaine Telles-Treacy",
    "Relative":"Darryl Alex Telles",
    "Relationship":"Brother"
  },
  {
    "Person":"Barbara Telles Feeny",
    "Relative":"Michael John Feeny",
    "Relationship":"Husband"
  },
  {
    "Person":"Barbara Telles Feeny",
    "Relative":"Amanda Jane Feeny",
    "Relationship":"Daughter"
  },
  {
    "Person":"Michael John Feeny",
    "Relative":"Barbara Telles Feeny",
    "Relationship":"Wife"
  },
  {
    "Person":"Michael John Feeny",
    "Relative":"Amanda Jane Feeny",
    "Relationship":"Daughter"
  },
  {
    "Person":"Amanda Jane Feeny",
    "Relative":"Barbara Telles Feeny",
    "Relationship":"Mother"
  },
  {
    "Person":"Amanda Jane Feeny",
    "Relative":"Michael John Feeny",
    "Relationship":"Father"
  },
  {
    "Person":"Amanda Jane Feeny",
    "Relative":"Bogdan Postelnicu",
    "Relationship":"Husband"
  },
  {
    "Person":"Amanda Jane Feeny",
    "Relative":"Alex Michael Postelnicu",
    "Relationship":"Son"
  },
  {
    "Person":"Bogdan Postelnicu",
    "Relative":"Amanda Jane Feeny",
    "Relationship":"Wife"
  },
  {
    "Person":"Bogdan Postelnicu",
    "Relative":"Alex Michael Postelnicu",
    "Relationship":"Son"
  },
  {
    "Person":"Alex Michael Postelnicu",
    "Relative":"Amanda Jane Feeny",
    "Relationship":"Mother"
  },
  {
    "Person":"Alex Michael Postelnicu",
    "Relative":"Bogdan Postelnicu",
    "Relationship":"Father"
  },
  {
    "Person":"Rebekah Treacy",
    "Relative":"Christopher Breakwell",
    "Relationship":"Husband"
  },
  {
    "Person":"Rebekah Treacy",
    "Relative":"Elizabeth Breakwell",
    "Relationship":"Daughter"
  },
  {
    "Person":"Rebekah Treacy",
    "Relative":"Jasmine Breakwell",
    "Relationship":"Daughter"
  },
  {
    "Person":"Christopher Breakwell",
    "Relative":"Rebekah Treacy",
    "Relationship":"Wife"
  },
  {
    "Person":"Christopher Breakwell",
    "Relative":"Elizabeth Breakwell",
    "Relationship":"Daughter"
  },
  {
    "Person":"Christopher Breakwell",
    "Relative":"Jasmine Breakwell",
    "Relationship":"Daughter"
  },
  {
    "Person":"Elizabeth Breakwell",
    "Relative":"Rebekah Treacy",
    "Relationship":"Mother"
  },
  {
    "Person":"Elizabeth Breakwell",
    "Relative":"Christopher Breakwell",
    "Relationship":"Father"
  },
  {
    "Person":"Elizabeth Breakwell",
    "Relative":"Jasmine Breakwell",
    "Relationship":"Sister"
  },
  {
    "Person":"Jasmine Breakwell",
    "Relative":"Rebekah Treacy",
    "Relationship":"Mother"
  },
  {
    "Person":"Jasmine Breakwell",
    "Relative":"Christopher Breakwell",
    "Relationship":"Father"
  },
  {
    "Person":"Jasmine Breakwell",
    "Relative":"Elizabeth Breakwell",
    "Relationship":"Sister"
  }
]